{
    "grade_avg_rate_map": {
        "A": 0.0721762932016711,
        "B": 0.10765134334857392,
        "C": 0.1398287071012303,
        "D": 0.17225999534558994,
        "E": 0.20004367193378478,
        "F": 0.23893635050553683,
        "G": 0.26179826254826255
    },
    "grade_avg_loan_map": {
        "A": 14664.956323585264,
        "B": 13842.099934683214,
        "C": 14690.791064105331,
        "D": 15620.204018307346,
        "E": 18011.772009029344,
        "F": 19052.503610977372,
        "G": 20573.889961389963
    },
    "payment_to_income_median": 0.0754080048,
    "lti_median": 0.21212121212121213,
    "interest_burden_median": 0.025589285714285717,
    "bal_to_loan_median": 0.5814678528919284,
    "bal_to_income_median": 0.1151242857142857,
    "rate_premium_median": 7.129289876969813e-05,
    "total_debt_ratio_median": 1.2535307142857142,
    "relative_loan_size_median": 0.8849080994530978,
    "monthly_interest_median": 1.3633333333333333,
    "interest_to_payment_ratio_median": 0.0034115626348804823,
    "loan_to_balance_ratio_median": 0.15576631169400915,
    "outlier_caps": {
        "avg_cur_bal": {
            "lower": -42820.0,
            "upper": 75876.0,
            "skew": 4.066126986342562
        },
        "Tot_cur_bal": {
            "lower": -462549.0,
            "upper": 809599.0,
            "skew": 2.9787699570503396
        },
        "loan_amount": {
            "lower": -29500.0,
            "upper": 62500.0,
            "skew": 0.6555612162991868
        },
        "int_rate": {
            "lower": -0.0935,
            "upper": 0.3609,
            "skew": 0.4294802258534456
        },
        "installment": {
            "lower": -751.255,
            "upper": 1707.745,
            "skew": 0.9346223284417157
        },
        "total_inc": {
            "lower": -100000.0,
            "upper": 260000.0,
            "skew": 53.01516953416261
        }
    },
    "current_date_for_age_calc": "2019-12-31T00:00:00"
}